{"cameraMode":{"drawMode":0,"name":"Shaded","section":"Shading Mode"},"sceneLighting":false,"audioPlay":false,"sceneViewState":{"m_AlwaysRefresh":false,"showFog":true,"showSkybox":false,"showFlares":true,"showImageEffects":true,"showParticleSystems":true,"showVisualEffectGraphs":true,"m_FxEnabled":true},"in2DMode":false,"pivot":{"x":0.7867522835731506,"y":0.041934672743082049,"z":0.4444510042667389},"rotation":{"x":-0.0028396714478731157,"y":0.6706998348236084,"z":-0.0025399557780474426,"w":-0.7418093681335449},"size":2.1664297580718996,"orthographic":false}