{"cameraMode":{"drawMode":0,"name":"Shaded","section":"Shading Mode"},"sceneLighting":false,"audioPlay":false,"sceneViewState":{"m_AlwaysRefresh":false,"showFog":true,"showSkybox":false,"showFlares":true,"showImageEffects":true,"showParticleSystems":true,"showVisualEffectGraphs":true,"m_FxEnabled":true},"in2DMode":false,"pivot":{"x":-2.9373908042907717,"y":-11.995295524597168,"z":12.185188293457032},"rotation":{"x":0.11095161736011505,"y":-0.7852659821510315,"z":0.5966431498527527,"w":0.1299280822277069},"size":23.867082595825197,"orthographic":true}