{"cameraMode":{"drawMode":0,"name":"Shaded","section":"Shading Mode"},"sceneLighting":false,"audioPlay":false,"sceneViewState":{"m_AlwaysRefresh":false,"showFog":true,"showSkybox":false,"showFlares":true,"showImageEffects":true,"showParticleSystems":true,"showVisualEffectGraphs":true,"m_FxEnabled":true},"in2DMode":false,"pivot":{"x":79.41999816894531,"y":1.2400000095367432,"z":17.68000030517578},"rotation":{"x":0.011598464101552964,"y":-0.9989900588989258,"z":-0.03911549597978592,"w":-0.047315776348114017},"size":2.0372352600097658,"orthographic":true}