{"cameraMode":{"drawMode":0,"name":"Shaded","section":"Shading Mode"},"sceneLighting":false,"audioPlay":false,"sceneViewState":{"m_AlwaysRefresh":false,"showFog":true,"showSkybox":false,"showFlares":true,"showImageEffects":true,"showParticleSystems":true,"showVisualEffectGraphs":true,"m_FxEnabled":true},"in2DMode":false,"pivot":{"x":80.84842681884766,"y":0.44999998807907107,"z":14.90999984741211},"rotation":{"x":0.12491980940103531,"y":0.8285265564918518,"z":-0.20392180979251862,"w":0.506951630115509},"size":1.1357816457748414,"orthographic":true}